{
	"file":	"h48_TR200-50.jpg",
	"width": 930,
	"height": 1299,
	"lon_min": 17.557425,
	"lon_max": 18.037608,
	"lat_min": 53.845037,
	"lat_max": 54.241270
}
